,Brentford,Sheffield United,West Ham United,Oxford United,Queens Park Rangers,Blackpool,Accrington,Arsenal,Fulham,Wolverhampton Wanderers,Grimsby Town,Chelsea,Oldham Athletic,Barnsley,Reading,Carlisle United,Millwall,Swansea City,Aston Villa,Birmingham City,Derby County,Bury,Bolton Wanderers,Bristol City,Coventry City,Southampton,Glossop,Norwich City,Tottenham Hotspur,Manchester City,Wigan Athletic,AFC Bournemouth,Everton,Leeds United,Liverpool,Watford,Stoke City,Sheffield Wednesday,Manchester United,Blackburn Rovers,Leicester City,Ipswich Town,Leyton Orient,Crystal Palace,Nottingham Forest,Darwen,Northampton Town,Cardiff City,Charlton Athletic,Notts County,Newcastle United,Sunderland,Wimbledon,Bradford City,Huddersfield Town,Burnley,Middlesbrough,Portsmouth,Luton Town,Stoke,Brighton & Hove Albion,Preston North End,Swindon Town,Hull City,West Bromwich Albion,Bradford Park Avenue
1888,12,13,14,15,16,17,6,18,19,2,20,21,22,23,24,25,26,27,1,28,9,29,4,30,31,32,33,34,35,36,37,38,7,39,40,41,42,43,44,3,45,46,47,48,49,50,51,52,53,10,54,55,56,57,58,8,59,60,61,11,62,0,63,64,5,65
1889,12,13,14,15,16,17,6,18,19,1,20,21,22,23,24,25,26,27,4,28,8,29,7,30,31,32,33,34,35,36,37,38,3,39,40,41,42,43,44,2,45,46,47,48,49,50,51,52,53,10,54,55,56,57,58,9,59,60,61,11,62,0,63,64,5,65
1890,13,14,15,16,17,18,6,19,20,2,21,22,23,24,25,26,27,28,4,29,9,30,5,31,32,33,34,35,36,37,38,39,1,40,41,42,43,44,45,3,46,47,48,49,50,51,52,53,54,8,55,11,56,57,58,10,59,60,61,12,62,0,63,64,7,65
1891,14,15,16,17,18,19,7,20,21,2,22,23,24,25,26,27,28,29,5,30,10,31,4,32,33,34,35,36,37,38,39,40,1,41,42,43,44,45,46,3,47,48,49,50,51,13,52,53,54,6,55,11,56,57,58,8,59,60,61,12,62,0,63,64,9,65
1892,17,18,19,20,21,22,10,23,24,3,25,26,27,28,29,30,31,32,5,33,11,34,2,35,36,37,38,39,40,41,42,43,1,44,45,46,47,14,15,4,48,49,50,51,13,16,52,53,54,9,55,6,56,57,58,7,59,60,61,12,62,0,63,64,8,65
1893,18,16,19,20,21,22,11,23,24,4,25,26,27,28,29,30,31,32,2,33,8,34,5,35,36,37,38,39,40,41,42,43,1,44,45,46,47,14,15,3,48,49,50,51,13,17,52,53,54,10,55,6,56,57,58,7,59,60,61,12,62,0,63,64,9,65
1894,20,15,21,22,23,24,12,25,26,5,27,28,29,30,31,32,33,34,2,18,8,35,6,36,37,38,39,40,41,42,43,44,1,45,19,46,47,14,16,3,48,49,50,51,13,17,52,53,54,11,55,4,56,57,58,7,59,60,61,10,62,0,63,64,9,65
1895,21,15,22,23,24,25,14,26,27,6,28,29,30,31,32,33,34,35,1,16,7,19,5,36,37,38,39,40,41,42,43,44,2,45,20,46,47,12,17,4,48,49,50,51,11,18,52,53,54,13,55,3,56,57,58,8,59,60,61,10,62,0,63,64,9,65
1896,21,13,22,23,24,25,15,26,27,7,28,29,30,31,32,33,34,35,0,18,6,16,5,36,37,38,39,40,41,42,43,44,2,45,17,46,47,12,19,4,48,49,50,51,11,20,52,53,54,14,55,3,56,57,58,8,59,60,61,10,62,1,63,64,9,65
1897,21,13,22,23,24,25,15,26,27,6,28,29,30,31,32,33,34,35,0,18,7,17,4,36,37,38,39,40,41,42,43,44,1,45,16,46,47,11,19,5,48,49,50,51,12,20,52,53,54,14,55,3,56,57,58,9,59,60,61,10,62,2,63,64,8,65
1898,22,13,23,24,25,26,17,27,28,5,29,30,31,32,33,34,35,36,0,18,6,16,7,37,38,39,40,41,42,43,44,45,1,46,15,47,48,12,19,4,49,50,51,52,11,20,53,54,55,14,21,3,56,57,58,9,59,60,61,10,62,2,63,64,8,65
1899,24,11,25,26,27,28,17,29,30,4,31,32,33,34,35,36,37,38,0,19,6,16,7,39,40,41,23,42,43,20,44,45,1,46,15,47,48,13,21,5,49,50,51,52,12,22,53,54,55,14,18,3,56,57,58,9,59,60,61,10,62,2,63,64,8,65
1900,24,12,25,26,27,28,18,29,30,4,31,32,33,34,35,36,37,38,0,20,6,16,7,39,40,41,23,42,43,19,44,45,1,46,15,47,48,14,21,5,49,50,51,52,10,22,53,54,55,13,17,2,56,57,58,11,59,60,61,9,62,3,63,64,8,65
1901,25,11,26,27,28,29,18,30,31,4,21,32,33,34,35,36,37,38,0,20,5,16,7,39,40,41,24,42,43,19,44,45,1,46,15,47,48,13,22,3,49,50,51,52,10,23,53,54,55,14,17,2,56,57,58,12,59,60,61,8,62,6,63,64,9,65
1902,26,11,27,28,29,30,18,31,32,3,21,33,34,35,36,37,38,39,0,20,5,16,7,40,41,42,25,43,44,19,45,46,1,47,15,48,49,12,22,4,50,51,52,53,10,24,54,55,56,13,17,2,57,58,59,14,23,60,61,8,62,6,63,64,9,65
1903,26,8,27,28,29,30,20,31,32,3,22,33,34,35,36,37,38,39,0,19,5,15,9,40,41,42,25,43,44,18,45,46,1,47,14,48,49,12,23,4,50,51,52,53,11,24,54,55,56,13,17,2,57,58,59,16,21,60,61,7,62,6,63,64,10,65
1904,27,7,28,29,30,31,20,23,32,3,22,33,34,35,36,37,38,39,0,19,4,14,11,40,41,42,26,43,44,18,45,46,1,47,15,48,49,10,24,5,50,51,52,53,9,25,54,55,56,13,17,2,57,58,59,16,21,60,61,8,62,6,63,64,12,65
1905,27,7,28,29,30,31,21,22,32,5,23,33,34,35,36,37,38,39,0,19,4,15,11,40,41,42,26,43,44,18,45,46,1,47,14,48,49,10,24,3,50,51,52,53,9,25,54,55,56,13,16,2,57,58,59,17,20,60,61,8,62,6,63,64,12,65
1906,28,7,29,30,31,32,22,21,33,5,24,34,35,36,37,38,39,40,0,19,4,15,9,25,41,42,27,43,44,18,45,46,1,47,13,48,49,10,23,3,50,51,52,53,11,26,54,55,56,12,16,2,57,58,59,17,20,60,61,8,62,6,63,64,14,65
1907,29,6,30,31,32,33,23,21,34,7,25,26,35,36,37,38,39,40,0,19,4,14,9,24,41,42,28,43,44,17,45,46,1,47,13,48,49,8,22,3,50,51,52,53,11,27,54,55,56,12,15,2,57,58,59,18,20,60,61,10,62,5,63,64,16,65
1908,31,5,32,33,34,35,24,21,36,8,26,25,37,38,39,40,41,42,0,19,6,15,10,23,43,44,30,45,46,17,47,48,1,49,13,50,51,7,22,3,29,52,53,54,9,28,55,56,57,12,14,2,58,27,59,18,20,60,61,11,62,4,63,64,16,65
1909,32,5,33,34,35,36,24,21,37,9,27,25,38,39,40,41,42,43,0,20,7,14,10,23,44,45,31,46,28,17,47,48,1,49,12,50,51,6,22,3,30,52,53,54,8,29,55,56,57,11,13,2,58,26,59,18,19,60,61,15,62,4,63,64,16,65
1910,33,5,34,35,36,37,25,21,38,12,28,26,29,39,40,41,42,43,0,22,8,14,13,23,44,45,32,46,27,17,47,48,1,49,10,50,51,6,20,3,31,52,53,54,7,30,55,56,57,9,11,2,58,24,59,19,18,60,61,15,62,4,63,64,16,65
1911,33,4,34,35,36,37,25,20,38,14,29,26,28,39,40,41,42,43,0,22,12,13,10,23,44,45,32,46,27,17,47,48,1,49,9,50,51,6,19,3,31,52,53,54,11,30,55,56,57,7,8,2,58,24,59,21,18,60,61,15,62,5,63,64,16,65
1912,33,4,34,35,36,37,28,20,38,14,29,26,27,39,40,41,42,43,0,22,11,13,10,24,44,45,32,46,25,17,47,48,1,49,9,50,51,5,19,3,31,52,53,54,12,30,55,56,57,7,8,2,58,23,59,21,18,60,61,15,62,6,63,64,16,65
1913,33,4,34,35,36,37,28,21,38,14,29,25,27,39,40,41,42,43,0,22,10,13,7,24,44,45,32,46,26,16,47,48,1,49,9,50,51,5,19,3,31,52,53,54,12,30,55,56,57,11,8,2,58,23,59,20,18,60,61,17,62,6,63,64,15,65
1914,34,4,35,36,37,38,28,21,39,15,29,25,24,40,41,42,43,44,0,23,11,14,8,27,45,46,33,47,26,16,48,49,1,50,7,51,52,5,19,3,32,53,54,55,12,31,56,57,58,10,9,2,59,22,60,20,18,61,62,17,63,6,64,65,13,30
1915,34,4,35,36,37,38,28,21,39,15,29,25,24,40,41,42,43,44,0,23,11,14,8,27,45,46,33,47,26,16,48,49,1,50,7,51,52,5,19,3,32,53,54,55,12,31,56,57,58,10,9,2,59,22,60,20,18,61,62,17,63,6,64,65,13,30
1916,34,4,35,36,37,38,28,21,39,15,29,25,24,40,41,42,43,44,0,23,11,14,8,27,45,46,33,47,26,16,48,49,1,50,7,51,52,5,19,3,32,53,54,55,12,31,56,57,58,10,9,2,59,22,60,20,18,61,62,17,63,6,64,65,13,30
1917,34,4,35,36,37,38,28,21,39,15,29,25,24,40,41,42,43,44,0,23,11,14,8,27,45,46,33,47,26,16,48,49,1,50,7,51,52,5,19,3,32,53,54,55,12,31,56,57,58,10,9,2,59,22,60,20,18,61,62,17,63,6,64,65,13,30
1918,34,4,35,36,37,38,28,21,39,15,29,25,24,40,41,42,43,44,0,23,11,14,8,27,45,46,33,47,26,16,48,49,1,50,7,51,52,5,19,3,32,53,54,55,12,31,56,57,58,10,9,2,59,22,60,20,18,61,62,17,63,6,64,65,13,30
1919,34,4,35,36,37,38,28,21,39,16,30,24,25,40,41,42,43,44,0,23,11,15,8,27,45,46,33,47,26,13,48,49,1,50,7,51,52,5,19,3,32,53,54,55,14,31,56,57,58,10,9,2,59,22,60,20,17,61,62,18,63,6,64,65,12,29
1920,35,4,36,37,38,39,29,21,40,17,30,23,24,41,42,43,44,45,0,25,10,16,8,27,46,47,34,48,26,13,49,50,1,51,7,52,53,5,18,3,33,54,55,56,14,32,57,58,59,11,9,2,60,22,31,20,15,61,62,19,63,6,64,65,12,28
1921,36,4,37,38,39,40,29,21,41,17,31,23,24,42,43,44,45,46,0,26,10,16,7,27,47,48,35,49,25,13,50,51,1,52,5,53,54,9,18,3,34,55,56,57,15,33,58,32,59,11,8,2,60,22,30,19,14,61,62,20,63,6,64,65,12,28
1922,36,4,37,38,39,40,30,21,41,18,32,23,24,42,43,44,45,46,0,26,12,17,8,27,47,48,35,49,25,11,50,51,1,52,5,53,54,9,19,3,34,55,56,57,15,33,58,31,59,13,7,2,60,22,28,16,14,61,62,20,63,6,64,65,10,29
1923,37,4,33,38,39,40,31,20,41,18,32,22,26,42,43,44,45,46,0,25,13,17,6,28,47,48,36,49,24,11,50,51,2,52,5,53,54,9,19,3,35,55,56,57,15,34,58,29,59,12,7,1,60,23,27,16,14,61,62,21,63,8,64,65,10,30
1924,38,4,32,39,40,41,31,18,42,19,33,24,26,43,44,45,46,47,0,22,13,17,6,29,48,49,37,50,23,11,51,52,2,34,5,53,54,9,20,3,36,55,56,57,14,35,58,28,59,12,7,1,60,25,27,16,15,61,62,21,63,8,64,65,10,30
1925,38,4,30,39,40,41,32,18,42,20,35,24,26,43,44,45,46,47,0,22,13,17,6,29,48,49,37,50,23,10,51,52,2,33,5,53,54,11,19,3,34,55,56,57,15,36,58,28,59,12,7,1,60,25,27,14,16,61,62,21,63,8,64,65,9,31
1926,38,4,30,39,40,41,33,17,42,20,35,24,27,43,44,45,46,47,0,23,13,15,6,29,48,49,37,50,22,11,51,52,2,34,5,53,54,10,19,3,31,55,56,57,16,36,58,28,59,12,7,1,60,25,26,14,18,61,62,21,63,8,64,65,9,32
1927,39,4,29,40,41,42,33,16,43,22,35,25,27,44,45,46,47,48,0,20,13,15,6,30,49,50,38,51,21,11,52,53,2,34,5,54,55,9,19,3,31,56,57,58,18,37,59,28,60,12,7,1,61,26,24,14,17,36,62,23,63,8,64,65,10,32
1928,39,4,29,40,41,42,34,16,43,22,36,25,28,44,45,46,47,48,0,20,12,15,6,31,49,50,38,51,21,11,52,53,2,32,5,54,55,8,17,3,30,56,57,58,19,37,59,27,60,13,7,1,61,26,24,14,18,35,62,23,63,9,64,65,10,33
1929,39,4,29,40,41,42,35,15,43,22,36,25,28,44,45,46,47,48,0,20,12,16,6,32,49,50,38,51,21,10,52,53,2,31,5,54,55,8,17,3,30,56,57,58,19,37,59,27,60,14,7,1,61,26,24,13,18,33,62,23,63,9,64,65,11,34
1930,40,4,29,41,42,37,36,13,43,23,34,25,28,44,45,46,47,48,0,20,11,18,6,32,49,50,39,51,22,9,52,53,2,31,5,54,55,8,17,3,30,56,57,58,19,38,59,27,60,15,7,1,61,26,21,14,16,33,62,24,63,10,64,65,12,35
1931,40,4,27,41,42,37,36,13,43,23,34,25,29,44,45,46,47,48,0,19,10,18,6,33,49,50,39,51,22,9,52,53,2,31,5,54,55,8,17,3,30,56,57,58,20,38,59,28,60,15,7,1,61,26,21,14,16,32,62,24,63,11,64,65,12,35
1932,40,4,28,41,42,37,36,12,43,22,34,24,30,44,45,46,47,48,0,19,10,18,7,33,49,50,39,51,23,9,52,53,2,31,5,54,55,8,17,3,27,56,57,58,20,38,59,29,60,16,6,1,61,26,21,15,14,32,62,25,63,13,64,65,11,35
1933,41,4,28,42,43,37,36,12,44,22,34,24,30,45,46,47,48,49,0,17,10,19,7,33,50,51,40,52,23,9,53,54,2,31,5,55,38,8,18,3,26,56,57,58,21,39,59,29,60,16,6,1,61,27,20,15,14,32,62,25,63,13,64,65,11,35
1934,41,4,28,42,43,37,36,12,44,22,33,24,30,45,46,47,48,49,0,16,10,19,7,34,50,51,40,52,23,9,53,54,2,31,5,55,38,8,18,3,26,56,57,58,21,39,59,29,60,17,6,1,61,27,20,15,14,32,62,25,63,13,64,65,11,35
1935,39,5,30,42,43,38,37,12,44,21,33,23,32,45,46,47,48,49,0,15,10,20,7,34,50,51,41,52,24,9,53,54,2,27,4,55,35,8,19,3,26,56,57,58,22,40,59,31,60,17,6,1,61,28,18,16,14,29,62,25,63,13,64,65,11,36
1936,39,5,30,43,44,38,37,11,45,21,33,22,32,46,47,48,49,50,0,15,10,20,6,34,51,52,42,53,24,9,54,55,2,28,4,56,35,8,19,3,26,57,58,59,23,41,60,31,40,18,7,1,61,29,17,16,14,27,62,25,63,13,64,65,12,36
1937,37,6,30,43,44,36,39,11,45,19,33,22,32,46,47,48,49,50,1,15,10,21,5,35,51,52,42,53,24,9,54,55,2,27,4,56,34,8,20,3,26,57,58,59,23,41,60,31,40,18,7,0,61,29,16,17,14,28,62,25,63,13,64,65,12,38
1938,37,6,31,43,44,36,40,11,45,17,30,21,33,46,47,48,49,50,1,15,9,22,5,35,51,52,42,53,24,10,54,55,2,26,4,56,34,8,19,3,27,57,58,59,23,41,60,32,38,20,7,0,61,29,16,18,14,28,62,25,63,13,64,65,12,39
1939,37,6,31,43,44,36,40,11,45,17,30,21,33,46,47,48,49,50,1,15,9,22,5,35,51,52,42,53,24,10,54,55,2,26,4,56,34,8,19,3,27,57,58,59,23,41,60,32,38,20,7,0,61,29,16,18,14,28,62,25,63,13,64,65,12,39
1940,37,6,31,43,44,36,40,11,45,17,30,21,33,46,47,48,49,50,1,15,9,22,5,35,51,52,42,53,24,10,54,55,2,26,4,56,34,8,19,3,27,57,58,59,23,41,60,32,38,20,7,0,61,29,16,18,14,28,62,25,63,13,64,65,12,39
1941,37,6,31,43,44,36,40,11,45,17,30,21,33,46,47,48,49,50,1,15,9,22,5,35,51,52,42,53,24,10,54,55,2,26,4,56,34,8,19,3,27,57,58,59,23,41,60,32,38,20,7,0,61,29,16,18,14,28,62,25,63,13,64,65,12,39
1942,37,6,31,43,44,36,40,11,45,17,30,21,33,46,47,48,49,50,1,15,9,22,5,35,51,52,42,53,24,10,54,55,2,26,4,56,34,8,19,3,27,57,58,59,23,41,60,32,38,20,7,0,61,29,16,18,14,28,62,25,63,13,64,65,12,39
1943,37,6,31,43,44,36,40,11,45,17,30,21,33,46,47,48,49,50,1,15,9,22,5,35,51,52,42,53,24,10,54,55,2,26,4,56,34,8,19,3,27,57,58,59,23,41,60,32,38,20,7,0,61,29,16,18,14,28,62,25,63,13,64,65,12,39
1944,37,6,31,43,44,36,40,11,45,17,30,21,33,46,47,48,49,50,1,15,9,22,5,35,51,52,42,53,24,10,54,55,2,26,4,56,34,8,19,3,27,57,58,59,23,41,60,32,38,20,7,0,61,29,16,18,14,28,62,25,63,13,64,65,12,39
1945,37,6,31,43,44,36,40,11,45,17,30,21,33,46,47,48,49,50,1,15,9,22,5,35,51,52,42,53,24,10,54,55,2,26,4,56,34,8,19,3,27,57,58,59,23,41,60,32,38,20,7,0,61,29,16,18,14,28,62,25,63,13,64,65,12,39
1946,36,6,31,43,44,35,40,10,45,17,29,21,33,46,47,48,49,50,1,15,9,22,5,38,51,52,42,53,24,11,54,55,2,26,4,56,34,8,18,3,28,57,58,59,23,41,60,32,37,20,7,0,61,30,16,19,14,25,62,27,63,12,64,65,13,39
1947,37,6,31,43,44,35,40,8,45,17,29,20,34,46,47,48,49,50,1,15,7,22,5,38,51,52,42,53,24,11,54,55,2,26,3,56,32,10,18,4,28,57,58,59,23,41,60,33,36,21,9,0,61,30,16,19,14,25,62,27,63,12,64,65,13,39
1948,37,6,32,43,44,35,40,8,45,17,29,20,34,46,47,48,49,50,1,15,7,22,5,38,51,52,42,53,25,10,54,55,2,26,3,56,30,11,18,4,28,57,58,59,23,41,60,33,36,21,9,0,61,31,16,19,13,24,62,27,63,12,64,65,14,39
1949,37,6,33,44,45,32,40,8,41,15,29,20,35,46,47,48,49,50,1,18,7,22,5,38,51,52,43,53,25,10,54,55,2,26,3,56,30,11,17,4,28,57,58,59,24,42,60,34,36,21,9,0,61,31,16,19,13,23,62,27,63,12,64,65,14,39
1950,37,6,33,44,45,31,40,8,41,16,30,20,35,46,47,48,49,50,1,18,7,23,5,38,51,52,43,53,24,10,54,55,2,26,3,56,29,11,15,4,28,57,58,59,25,42,60,34,36,21,9,0,61,32,17,19,12,22,62,27,63,13,64,65,14,39
1951,37,9,34,44,45,30,40,6,41,16,31,20,36,46,47,48,49,50,1,19,8,23,4,38,51,52,43,53,24,10,54,55,2,26,3,56,29,11,15,5,28,57,58,59,25,42,60,35,33,21,7,0,61,32,17,18,12,22,62,27,63,13,64,65,14,39
1952,37,9,35,44,45,30,40,6,41,16,31,20,36,46,47,48,49,50,1,19,8,24,4,38,51,52,43,53,23,10,54,55,2,27,3,56,26,11,15,5,29,57,58,59,25,42,60,33,32,22,7,0,61,34,17,18,13,21,62,28,63,12,64,65,14,39
1953,37,9,35,44,45,26,40,6,41,16,32,19,36,46,47,48,49,50,1,20,8,24,4,38,51,52,43,53,23,10,54,55,2,28,3,56,27,11,15,5,30,57,58,59,25,42,60,33,31,22,7,0,61,34,17,18,14,21,62,29,63,12,64,65,13,39
1954,37,8,35,44,45,26,40,5,41,16,33,19,36,46,47,48,49,50,1,20,9,24,4,38,51,52,43,53,22,10,54,55,2,29,3,56,28,12,15,6,27,57,58,59,25,42,60,32,30,23,7,0,61,34,17,18,14,21,62,31,63,11,64,65,13,39
1955,37,8,35,45,46,26,40,5,41,16,33,19,36,47,48,49,50,51,1,20,10,24,4,38,52,53,44,54,22,9,55,56,2,30,3,57,29,13,15,7,28,58,59,60,25,43,61,32,27,23,6,0,62,34,18,17,14,21,42,31,63,11,64,65,12,39
1956,37,8,35,45,46,25,40,5,41,16,33,19,36,47,48,49,50,51,1,20,10,24,3,38,52,53,44,54,22,9,55,56,2,28,4,57,31,13,15,7,29,58,59,60,26,43,61,30,27,23,6,0,62,34,18,17,14,21,42,32,63,11,64,65,12,39
1957,37,9,35,45,46,25,41,5,42,15,33,18,36,47,48,49,50,51,1,20,12,24,3,38,52,53,44,54,22,7,55,56,2,27,4,57,31,13,14,8,29,58,59,60,26,43,61,30,28,23,6,0,62,34,19,17,16,21,39,32,63,10,64,65,11,40
1958,37,10,34,45,46,24,41,5,42,15,33,18,36,47,48,49,50,51,0,20,12,26,3,38,52,53,44,54,22,7,55,56,2,27,4,57,31,13,14,8,28,58,59,60,25,43,61,30,29,23,6,1,62,35,19,17,16,21,39,32,63,9,64,65,11,40
1959,37,11,33,45,46,23,42,4,40,14,34,18,36,47,48,49,50,51,0,19,12,26,3,39,52,53,44,54,21,7,55,56,2,27,5,57,31,13,15,8,28,58,59,60,25,43,61,30,29,24,6,1,62,35,20,16,17,22,38,32,63,9,64,65,10,41
1960,37,11,33,45,46,23,42,4,40,13,34,18,36,47,48,49,50,51,0,19,15,26,3,39,52,53,44,54,21,8,55,56,2,28,5,57,31,12,14,7,27,58,59,60,24,43,61,30,29,25,6,1,62,35,20,16,17,22,38,32,63,9,64,65,10,41
1961,38,11,32,46,47,23,42,4,37,13,34,18,36,48,49,50,51,52,0,19,15,26,3,40,53,54,45,55,21,8,56,57,2,28,5,58,31,12,14,7,27,43,59,60,24,44,61,29,30,25,6,1,62,35,20,16,17,22,39,33,63,10,64,65,9,41
1962,38,10,31,47,48,23,42,4,37,13,34,18,36,49,50,51,52,53,0,19,15,27,3,40,54,55,46,56,20,8,57,58,1,28,5,59,32,12,14,7,26,43,45,60,24,44,61,29,30,25,6,2,62,35,21,16,17,22,39,33,63,11,64,65,9,41
1963,38,10,30,47,48,23,43,4,37,13,34,17,36,49,50,51,52,53,0,19,16,27,3,40,54,55,46,56,20,8,57,58,1,28,5,59,32,11,14,6,25,41,45,60,24,44,61,29,31,26,7,2,62,35,21,15,18,22,39,33,63,12,64,65,9,42
1964,38,10,29,47,48,23,43,4,37,13,34,17,36,49,50,51,52,53,0,19,16,27,3,40,54,55,46,56,20,9,57,58,1,28,5,59,30,11,12,6,25,41,45,60,24,44,61,31,32,26,7,2,62,35,21,15,18,22,39,33,63,14,64,65,8,42
1965,38,9,29,48,49,22,43,4,36,13,34,17,37,50,51,52,53,54,0,19,16,28,3,40,55,56,47,57,20,10,58,59,1,27,5,60,30,11,12,6,25,41,46,61,24,45,44,31,32,26,8,2,62,35,21,15,18,23,39,33,63,14,64,65,7,42
1966,38,9,29,49,50,23,43,3,35,13,34,17,37,51,52,53,54,55,0,20,16,28,4,40,56,44,48,57,18,10,58,59,1,26,5,60,30,11,12,6,25,41,47,61,22,46,45,31,32,27,8,2,62,36,21,14,19,24,39,33,63,15,64,65,7,42
1967,38,11,28,50,51,23,43,3,35,13,34,16,37,52,53,54,55,56,0,20,17,29,5,40,45,44,49,57,18,9,58,59,1,26,4,60,30,12,10,8,25,41,48,61,22,47,46,31,32,27,7,2,62,36,21,14,19,24,39,33,63,15,64,65,6,42
1968,38,12,28,51,49,23,44,3,35,14,34,16,37,52,53,54,55,56,1,20,17,30,5,40,45,42,50,57,18,8,58,59,0,26,4,60,29,11,9,10,25,41,48,61,22,47,46,31,32,27,7,2,62,36,21,13,19,24,39,33,63,15,64,65,6,43
1969,38,12,27,52,50,23,45,3,35,14,34,16,37,53,54,55,56,57,1,20,17,30,5,41,43,42,51,58,18,8,59,60,0,25,4,61,28,10,9,11,26,40,49,48,22,47,46,31,32,29,7,2,62,36,21,13,19,24,39,33,63,15,64,65,6,44
1970,39,12,27,52,50,24,45,3,35,13,34,15,37,53,54,55,56,57,1,20,17,30,5,42,43,40,51,58,18,8,59,60,0,23,4,61,28,10,9,11,26,38,49,46,22,48,47,31,32,29,7,2,62,36,21,14,19,25,41,33,63,16,64,65,6,44
1971,40,11,27,52,50,24,45,3,35,13,34,15,37,53,54,55,56,57,1,20,17,30,5,43,42,39,51,58,18,8,59,60,0,23,4,61,28,10,9,12,25,38,49,46,22,48,47,31,32,29,6,2,62,36,21,14,19,26,41,33,63,16,64,65,7,44
1972,41,10,27,53,51,25,46,3,35,11,34,15,37,54,55,56,57,58,1,19,16,30,7,43,40,39,52,48,18,8,59,60,0,23,4,61,28,12,9,13,24,38,50,44,22,49,47,31,32,29,5,2,62,36,21,14,20,26,42,33,63,17,64,65,6,45
1973,41,10,27,53,47,25,46,3,35,11,34,15,38,54,55,56,57,58,1,19,16,30,8,43,40,39,52,48,17,6,59,60,0,22,4,61,28,12,9,13,24,37,51,44,23,50,49,31,32,29,5,2,62,36,21,14,20,26,42,33,63,18,64,65,7,45
1974,42,10,27,54,46,25,47,2,35,11,34,15,38,55,56,51,57,58,1,19,16,30,8,43,39,40,53,48,17,6,59,60,0,21,3,61,28,13,9,14,24,36,52,44,23,50,49,31,32,29,5,4,62,37,22,12,20,26,41,33,63,18,64,65,7,45
1975,42,10,26,54,44,25,47,3,36,11,35,15,38,55,56,51,57,58,1,19,16,30,9,43,39,40,53,48,17,6,59,60,0,21,2,61,27,13,7,14,24,34,52,45,23,50,49,31,32,29,5,4,62,37,22,12,20,28,41,33,63,18,64,65,8,46
1976,44,10,25,54,43,27,48,3,36,11,35,16,39,55,56,51,57,58,1,19,15,30,9,42,38,40,53,45,17,6,59,60,0,21,2,61,26,13,7,14,23,34,52,46,24,50,49,31,32,29,5,4,62,37,22,12,20,28,41,33,63,18,64,65,8,47
1977,44,11,25,54,42,27,48,3,37,10,35,16,39,55,56,51,57,58,1,19,13,30,9,41,36,40,53,45,17,5,59,60,0,21,2,61,26,14,7,15,23,33,52,46,22,50,49,31,32,29,6,4,62,38,24,12,20,28,43,34,63,18,64,65,8,47
1978,45,11,25,54,42,27,48,3,37,10,36,15,39,55,56,51,57,58,1,19,12,30,9,41,35,40,53,44,17,5,59,60,0,21,2,61,26,14,7,16,23,32,52,46,22,50,49,31,33,29,6,4,62,38,24,13,20,28,43,34,63,18,64,65,8,47
1979,45,11,25,55,42,27,48,3,37,10,36,15,40,56,57,52,58,59,2,20,12,30,9,41,35,38,54,43,17,5,60,61,0,21,1,62,26,14,6,16,23,31,53,46,22,51,50,32,33,29,7,4,63,39,24,13,19,28,44,34,49,18,64,65,8,47
1980,45,11,26,55,43,27,48,3,38,9,37,16,40,56,57,52,58,59,2,20,12,30,10,41,34,36,54,42,14,5,60,61,0,21,1,62,25,15,6,17,23,31,53,46,22,51,50,32,33,29,8,4,63,39,24,13,19,28,44,35,49,18,64,65,7,47
1981,45,11,26,56,43,27,49,3,38,9,37,16,40,57,58,53,59,50,2,20,13,31,10,41,33,36,55,42,12,5,60,61,0,21,1,62,25,15,6,17,23,30,54,46,22,52,51,32,34,29,8,4,63,39,24,14,19,28,44,35,47,18,64,65,7,48
1982,45,12,26,57,44,27,50,3,38,9,37,16,41,58,59,54,60,48,2,18,13,31,10,42,32,35,56,40,11,6,61,62,0,21,1,51,25,15,5,17,23,30,55,46,22,53,52,33,34,29,8,4,63,39,24,14,20,28,43,36,47,19,64,65,7,49
1983,45,12,25,57,42,27,51,3,38,9,37,16,41,58,59,54,60,49,2,18,13,31,10,44,32,33,56,39,11,6,61,62,0,22,1,48,24,15,5,17,23,30,55,46,21,53,52,34,35,29,8,4,63,40,26,14,20,28,43,36,47,19,64,65,7,50
1984,45,12,24,57,41,27,51,3,39,9,38,15,43,58,59,54,60,49,2,18,13,32,11,44,31,33,56,37,10,7,61,62,0,22,1,46,25,14,5,17,23,30,55,47,21,53,52,34,35,29,8,4,63,40,26,16,20,28,42,36,48,19,64,65,6,50
1985,46,12,24,52,39,27,51,3,41,9,40,14,43,58,59,55,60,49,2,18,15,33,11,44,31,32,57,37,10,6,61,62,0,22,1,45,25,13,4,17,23,29,56,47,19,54,53,34,35,30,8,5,63,42,26,16,21,28,38,36,48,20,64,65,7,50
1986,46,14,23,52,39,27,51,2,41,10,40,13,43,59,60,56,61,49,3,19,15,33,11,44,31,32,58,36,9,6,62,63,0,22,1,45,25,12,4,17,24,29,57,47,18,55,54,35,34,30,8,5,53,42,26,16,21,28,38,37,48,20,64,65,7,50
1987,46,14,23,50,38,27,53,2,41,10,40,13,43,59,60,56,61,51,3,19,15,33,11,45,31,32,58,37,9,6,62,63,0,22,1,44,25,12,4,17,24,29,57,47,18,55,54,35,34,30,8,5,49,42,26,16,21,28,36,39,48,20,64,65,7,52
1988,46,15,23,50,36,27,53,2,41,10,40,13,43,60,61,57,54,51,3,19,14,33,12,45,30,32,59,35,9,6,62,63,0,22,1,44,25,11,4,18,24,29,58,47,17,56,55,38,34,31,8,5,48,42,26,16,20,28,37,39,49,21,64,65,7,52
1989,48,15,23,50,36,27,53,2,41,10,40,12,43,60,61,57,54,51,3,19,14,33,13,45,29,31,59,35,9,6,62,63,0,22,1,44,25,11,4,18,24,30,58,47,16,56,55,38,34,32,8,5,46,42,26,17,20,28,37,39,49,21,64,65,7,52
1990,48,15,23,50,36,27,53,2,41,10,40,11,43,60,61,57,54,51,3,19,14,33,13,45,29,30,59,35,9,6,62,63,0,22,1,44,25,12,4,18,24,31,58,46,16,56,55,38,34,32,8,5,47,42,26,17,20,28,37,39,49,21,64,65,7,52
1991,48,15,23,50,34,28,53,2,41,12,40,11,42,60,61,57,54,51,3,19,14,35,13,47,27,30,59,33,7,5,62,63,0,21,1,46,25,10,4,18,24,32,58,44,16,56,55,38,36,31,9,6,45,43,26,17,20,29,37,39,49,22,64,65,8,52
1992,48,13,23,50,34,29,53,2,42,12,41,11,40,60,61,57,54,51,3,19,15,35,14,47,27,28,59,33,7,5,62,63,0,20,1,46,25,10,4,17,24,31,58,43,16,56,55,38,36,32,9,6,44,45,26,18,21,30,37,39,49,22,64,65,8,52
1993,48,13,23,50,34,29,53,2,43,12,42,11,40,61,62,58,54,51,3,20,15,35,14,47,27,28,60,33,7,5,63,64,0,19,1,46,25,10,4,17,24,30,59,44,16,56,55,38,36,32,8,6,41,45,26,18,21,31,37,39,49,22,57,65,9,52
1994,48,13,23,50,33,30,53,2,44,12,43,11,41,61,62,58,54,51,3,20,16,35,15,47,27,28,60,34,7,5,63,64,0,19,1,46,25,10,4,17,24,29,59,42,14,56,55,38,36,32,8,6,39,45,26,18,21,31,37,40,49,22,57,65,9,52
1995,48,14,22,50,33,30,53,2,44,12,43,11,41,61,62,58,54,51,3,21,17,35,16,47,26,28,60,34,6,5,63,64,0,19,1,46,25,10,4,15,24,29,59,42,13,56,55,38,36,32,8,7,39,45,27,18,20,31,37,40,49,23,57,65,9,52
1996,48,14,22,50,33,30,53,2,44,13,43,11,41,61,62,58,54,51,3,21,16,35,17,47,26,28,60,34,6,5,63,64,0,18,1,46,25,10,4,15,24,29,59,42,12,56,55,39,36,32,7,8,38,45,27,19,20,31,37,40,49,23,57,65,9,52
1997,48,16,21,50,33,30,53,2,44,14,43,9,41,55,62,59,54,51,3,22,15,35,17,47,25,27,61,34,6,5,63,64,0,18,1,46,26,10,4,12,24,29,60,42,13,57,56,39,36,32,7,8,38,45,28,19,20,31,37,40,49,23,58,65,11,52
1998,48,16,21,50,33,30,53,2,44,15,43,9,41,55,62,59,54,51,3,22,14,36,17,47,25,26,61,34,6,5,63,64,0,18,1,46,27,10,4,12,24,29,60,42,13,57,56,39,35,32,7,8,38,45,28,19,20,31,37,40,49,23,58,65,11,52
1999,48,16,21,50,33,30,53,2,44,15,43,9,41,55,62,59,54,51,3,22,12,36,17,47,25,26,61,34,5,7,63,64,1,18,0,46,27,10,4,13,24,29,60,42,14,57,56,39,35,32,6,8,37,45,28,19,20,31,38,40,49,23,58,65,11,52
2000,48,16,20,50,33,30,53,2,45,15,44,9,41,55,62,59,54,51,3,22,12,36,17,47,25,26,61,34,5,7,63,64,1,18,0,46,27,10,4,13,23,29,60,42,14,57,56,39,35,32,6,8,37,43,28,21,19,31,38,40,49,24,58,65,11,52
2001,48,18,20,50,33,30,53,2,43,17,45,9,41,55,62,59,54,51,3,22,12,36,16,47,26,25,61,34,6,7,63,64,1,15,0,46,27,10,4,13,23,29,60,42,14,57,56,39,35,32,5,8,37,44,28,21,19,31,38,40,49,24,58,65,11,52
2002,48,18,20,50,33,30,53,2,41,17,45,9,42,55,62,59,54,51,4,22,13,36,16,47,26,25,61,34,6,7,63,64,1,14,0,46,27,10,3,12,23,29,60,43,15,57,56,39,35,32,5,8,37,44,28,21,19,31,38,40,49,24,58,65,11,52
2003,48,18,20,50,33,31,53,2,40,17,45,8,42,55,62,59,54,51,4,22,13,36,14,47,26,25,61,35,6,7,63,64,1,15,0,46,27,10,3,12,23,29,60,43,16,57,56,39,34,32,5,9,37,44,28,21,19,30,38,41,49,24,58,65,11,52
2004,48,18,20,50,34,31,53,1,39,17,45,8,43,55,62,59,54,51,4,22,14,36,13,47,26,25,61,35,6,7,63,64,2,15,0,46,27,10,3,12,23,29,60,41,16,57,56,40,32,33,5,9,37,44,28,21,19,30,38,42,49,24,58,65,11,52
2005,48,18,20,50,34,31,53,1,39,17,45,7,43,56,63,60,54,51,4,21,14,36,13,47,26,25,62,35,6,8,55,64,2,15,0,46,27,10,3,12,23,29,61,41,16,58,57,40,32,33,5,9,37,44,28,22,19,30,38,42,49,24,59,65,11,52
2006,48,18,20,50,34,32,53,1,39,17,45,7,43,57,56,61,55,51,4,21,14,36,13,47,26,25,63,35,6,8,54,64,2,15,0,46,27,10,3,12,23,30,62,41,16,59,58,40,31,33,5,9,37,44,28,22,19,29,38,42,49,24,60,65,11,52
2007,48,19,20,51,34,32,54,1,37,17,45,7,43,57,55,61,56,52,4,21,14,36,13,47,26,25,63,35,6,8,50,64,2,15,0,46,27,11,3,10,23,30,62,41,16,59,58,40,31,33,5,9,38,44,29,22,18,28,39,42,49,24,60,65,12,53
2008,48,19,20,51,34,32,54,1,36,18,45,6,43,57,55,62,56,52,4,21,14,37,13,47,26,25,64,35,5,8,49,65,2,15,0,46,27,12,3,10,23,30,63,41,16,60,59,40,31,33,7,9,38,44,29,22,17,28,39,42,50,24,61,58,11,53
2009,49,19,20,51,34,32,54,1,36,16,45,5,43,58,55,62,56,52,4,21,14,37,13,47,26,25,64,35,6,8,48,65,2,15,0,46,27,12,3,10,23,30,63,41,17,60,59,40,31,33,7,9,38,44,29,22,18,28,39,42,50,24,61,57,11,53
2010,49,20,19,51,34,31,54,1,36,15,45,5,43,58,55,62,56,52,4,21,14,37,12,47,26,25,64,35,6,8,48,65,2,16,0,46,27,13,3,10,23,30,63,41,17,60,59,40,32,33,7,9,38,44,29,22,18,28,39,42,50,24,61,57,11,53
2011,49,20,19,52,34,31,54,1,36,15,45,5,43,58,55,62,56,51,4,21,14,37,12,47,27,25,64,33,6,7,48,65,2,16,0,46,26,13,3,10,23,30,63,41,17,60,59,40,32,35,8,9,38,44,29,22,18,28,39,42,50,24,61,57,11,53
2012,50,20,17,52,34,31,55,1,36,15,45,5,43,58,53,62,56,49,4,21,14,37,12,48,27,25,64,33,6,7,47,65,2,16,0,46,26,13,3,10,23,30,63,41,18,60,59,40,32,35,8,9,38,44,29,22,19,28,39,42,51,24,61,57,11,54
2013,50,20,16,52,34,31,55,1,35,15,45,5,43,58,53,62,57,49,4,21,14,37,12,48,27,25,64,33,6,7,47,65,2,17,0,46,26,13,3,11,23,30,63,41,18,60,59,40,32,36,8,9,38,44,29,22,19,28,39,42,51,24,61,56,10,54
2014,50,20,14,53,34,31,56,1,35,16,45,5,43,58,54,62,57,49,4,21,15,37,12,48,27,24,64,33,6,7,47,65,2,17,0,46,26,13,3,11,23,30,63,41,18,60,59,40,32,36,8,9,38,44,29,22,19,28,39,42,51,25,61,52,10,55
2015,50,20,14,53,34,31,56,1,35,16,46,5,43,59,54,63,57,47,4,21,15,37,12,49,27,24,65,32,6,7,48,58,2,17,0,45,26,13,3,11,23,30,64,40,18,61,60,41,33,36,8,9,38,44,29,22,19,28,39,42,51,25,62,52,10,55
2016,50,20,14,53,34,31,56,1,35,16,46,5,43,59,54,63,58,47,4,21,15,37,12,49,27,24,65,32,6,7,48,57,2,17,0,44,25,13,3,11,23,30,64,40,19,61,60,41,33,36,8,9,38,45,29,22,18,28,39,42,52,26,62,51,10,55
2017,51,20,14,54,34,31,57,1,35,16,46,5,44,59,55,63,58,47,4,22,15,37,12,49,27,24,65,32,6,7,48,53,2,17,0,42,25,13,3,11,23,30,64,38,19,61,60,41,33,36,8,9,39,45,29,21,18,28,40,43,50,26,62,52,10,56
2018,51,20,14,54,34,31,57,1,35,15,46,5,44,59,55,63,58,47,4,22,16,38,12,49,27,24,65,32,6,7,48,52,3,17,0,42,25,13,2,11,23,30,64,37,19,61,60,41,33,36,8,9,39,45,29,21,18,28,40,43,50,26,62,53,10,56
2019,52,19,14,54,34,32,57,1,35,15,46,5,44,59,55,63,58,47,4,23,16,38,12,49,27,24,65,31,7,6,48,51,3,17,0,42,25,13,2,11,22,30,64,37,20,61,60,41,33,36,8,9,39,45,29,21,18,28,40,43,50,26,62,53,10,56
2020,52,18,13,54,34,32,57,1,35,15,46,5,44,59,55,63,58,47,4,23,17,38,12,49,27,24,65,31,7,6,48,51,3,16,0,42,25,14,2,11,22,30,64,37,20,61,60,41,33,36,8,9,39,45,29,21,19,28,40,43,50,26,62,53,10,56
2021,51,18,12,54,34,32,57,1,35,15,46,6,44,59,55,63,58,47,4,23,17,38,13,50,27,24,65,31,7,5,49,52,3,16,0,42,25,14,2,11,22,30,64,37,20,61,60,41,33,36,8,9,39,45,29,21,19,28,40,43,48,26,62,53,10,56
